filename,B_mean,B_std,B_hist_0,B_hist_1,B_hist_2,B_hist_3,B_hist_4,B_hist_5,B_hist_6,B_hist_7,G_mean,G_std,G_hist_0,G_hist_1,G_hist_2,G_hist_3,G_hist_4,G_hist_5,G_hist_6,G_hist_7,R_mean,R_std,R_hist_0,R_hist_1,R_hist_2,R_hist_3,R_hist_4,R_hist_5,R_hist_6,R_hist_7,H_mean,H_std,H_hist_0,H_hist_1,H_hist_2,H_hist_3,H_hist_4,H_hist_5,H_hist_6,H_hist_7,S_mean,S_std,S_hist_0,S_hist_1,S_hist_2,S_hist_3,S_hist_4,S_hist_5,S_hist_6,S_hist_7,V_mean,V_std,V_hist_0,V_hist_1,V_hist_2,V_hist_3,V_hist_4,V_hist_5,V_hist_6,V_hist_7,area,perimeter,aspect_ratio,extent,solidity,equivalent_diameter,eccentricity,bbox_area,hu1,hu2,hu3,hu4,hu5,hu6,hu7,glcm_contrast,glcm_dissimilarity,glcm_homogeneity,glcm_energy,glcm_correlation,glcm_ASM,lbp_hist_0,lbp_hist_1,lbp_hist_2,lbp_hist_3,lbp_hist_4,lbp_hist_5,lbp_hist_6,lbp_hist_7,lbp_hist_8,lbp_hist_9,img_width,img_height,mask_pixel_count,label
dataset\crowntail\ct1.png,236.0922088520498,61.4173904651247,0.0501888170838356,0.02012193202972412,0.004760457202792168,0.003696354804560542,0.0033843249548226595,0.004184401594102383,0.005744551308453083,0.90791916847229,237.51491343168945,57.60601195241483,0.034835346043109894,0.028570743277668953,0.007136685308068991,0.005032483022660017,0.004080391488969326,0.004304413218051195,0.005976573564112186,0.9100633859634399,237.5695186737927,57.67768951979012,0.03641149401664734,0.025514449924230576,0.007632732857018709,0.0055285305716097355,0.004152398556470871,0.0044404263608157635,0.005888565443456173,0.9104313850402832,4.800684865747112,17.68539870996543,0.9527954459190369,0.024650366976857185,0.00932889524847269,0.00997695792466402,0.002112202811986208,0.001136109116487205,0.0,0.0,10.732862354786059,40.76635811966686,0.9225205779075623,0.014001344330608845,0.014041348360478878,0.012865235097706318,0.01083303987979889,0.007784747518599033,0.005128492135554552,0.012825231067836285,237.9656447018914,56.307321346453456,0.027586648240685463,0.03348321467638016,0.008072774857282639,0.005568534601479769,0.004256408661603928,0.004520433954894543,0.0059365699999034405,0.9105753898620605,185436.0,1726.0,1.1358024691358024,0.9953623188405797,1.0,485.9058017944524,0.42816222538565685,186300.0,2.8896717508800545,7.771465593391382,12.533831132752843,12.41816478659093,24.92341645925608,-16.48833962684879,-25.34391207848529,78.8988421601529,2.8589656039406854,0.7280882510096149,0.590794462559917,0.944756746124429,0.34905516468053,0.004848465452683457,0.00762473197426953,0.002712260376996192,0.027802669056229398,0.026058501616155152,0.04929273210228182,0.004720453163503696,0.025082407911159472,0.8345681185393797,0.017289659807341505,460,405,124988,crowntail
dataset\crowntail\ct10.png,231.70313184485124,63.233939348354504,0.046119485050439835,0.016244515776634216,0.015863897278904915,0.014355785213410854,0.01164836622774601,0.009149209596216679,0.010872765444219112,0.875745952129364,235.64032977371147,55.66905807592074,0.028891107067465782,0.01948336325585842,0.009134846739470959,0.010671684518456459,0.02219078317284584,0.018865756690502167,0.009379017166793346,0.8813834190368652,240.08632142882792,43.007844087710104,0.004258619621396065,0.009881720878183842,0.019397186115384102,0.01806861162185669,0.017070386558771133,0.027677437290549278,0.01852104626595974,0.8851249814033508,12.331296185914239,29.95540798712441,0.8892256021499634,0.04095599800348282,0.0359361432492733,0.013817173428833485,0.011791995726525784,0.008273068815469742,0.0,0.0,18.369975654771736,54.45332051879758,0.8885362148284912,0.01969880796968937,0.014039799571037292,0.011382650583982468,0.010693228803575039,0.01327138114720583,0.01109539158642292,0.031282540410757065,240.53334003605104,42.72834973979821,0.004208349157124758,0.009759635664522648,0.019095564261078835,0.017214015126228333,0.016632314771413803,0.02855357713997364,0.01904529333114624,0.8854912519454956,185436.0,1726.0,1.1358024691358024,0.9953623188405797,1.0,485.9058017944524,0.4642811644363363,186300.0,2.969831954904438,7.775545009898583,11.991860268352314,12.272695676052344,24.491349755237632,16.18865424609124,-24.64691232932436,75.05792342814074,3.133366529659689,0.6832304527978484,0.5744399599299969,0.9149176977716138,0.3300038491694422,0.020431319884809007,0.027016740037487344,0.009242568960193038,0.026449402859666637,0.05310706873397632,0.0538467615101223,0.014714859207020618,0.030930648416123866,0.7163529555394371,0.04790767485116376,460,405,139247,crowntail
dataset\crowntail\ct2 .png,243.50714381733337,41.98430654761445,0.01544946525245905,0.007307049818336964,0.006289247889071703,0.008430472575128078,0.013183415867388248,0.01376913208514452,0.01529583428055048,0.9202753901481628,244.14297236571736,40.7827806803538,0.013884354382753372,0.0075951069593429565,0.006500489544123411,0.007652718108147383,0.01265531126409769,0.013989975675940514,0.013836344704031944,0.923885703086853,243.37457991665548,42.746096185563,0.016121597960591316,0.007191827055066824,0.006730935536324978,0.009909166023135185,0.013308240100741386,0.012972173281013966,0.012415262870490551,0.9213507771492004,10.293799089739405,28.292443071385588,0.8822422623634338,0.05062124505639076,0.039194975048303604,0.015286232344806194,0.008200027048587799,0.004455283749848604,0.0,0.0,3.8309584621588924,21.50821286640898,0.968640148639679,0.01685134321451187,0.004272847902029753,0.0023140590637922287,0.0016515277093276381,0.001219441881403327,0.0007681524148210883,0.004282449837774038,244.2185009505886,40.68542304868697,0.01368271466344595,0.007671921979635954,0.006548499222844839,0.007556699216365814,0.01263610739260912,0.013989975675940514,0.013941965997219086,0.9239721298217773,185436.0,1726.0,1.1358024691358024,0.9953623188405797,1.0,485.9058017944524,0.4427935064466867,186300.0,2.790322368331529,7.508281008474126,10.964022237593205,10.1774849205336,20.776592616486873,13.935471632596544,-21.20433041032144,44.19214072515342,2.6059972365516435,0.6768073361177066,0.4895997059134029,0.9707256097929923,0.23971926738101232,0.005665123960593782,0.021085783419430414,0.00434966297313387,0.03667927716859025,0.049497820367560924,0.0755189829662205,0.019136596700785435,0.03471088663990936,0.7049142549881896,0.04844161081558581,460,405,104146,crowntail
dataset\crowntail\ct3 .png,235.73313017966245,56.1318434424747,0.03068477474153042,0.017777206376194954,0.012801705859601498,0.011054988019168377,0.012453874573111534,0.014934062957763672,0.02079426497220993,0.8794991374015808,237.41401760329077,52.561263106341265,0.019667593762278557,0.021648719906806946,0.014518178068101406,0.011538926512002945,0.012189220637083054,0.014571108855307102,0.0201515331864357,0.8857147097587585,238.45258151352004,49.87808579539619,0.012514366768300533,0.02235194481909275,0.017285706475377083,0.012370697222650051,0.011954812332987785,0.014835762791335583,0.019781017675995827,0.8889057040214539,10.943288367309902,30.32607542520663,0.9201651215553284,0.02212509885430336,0.020219586789608,0.011304519139230251,0.015463371761143208,0.01072227954864502,0.0,0.0,9.828730869275907,36.26338796601271,0.9254204034805298,0.024968242272734642,0.012930252589285374,0.009376322850584984,0.006850765086710453,0.005633355583995581,0.004665477201342583,0.010155162774026394,238.6126746718287,49.66234615453164,0.012136289849877357,0.022026797756552696,0.01771671324968338,0.012363135814666748,0.011969935148954391,0.014850886538624763,0.01957685500383377,0.8893594145774841,185436.0,1726.0,1.1358024691358024,0.9953623188405797,1.0,485.9058017944524,0.4483779827959814,186300.0,2.9292991914600295,7.762062922105608,12.87562160182866,11.922662071492368,26.30763716723439,-15.875809599083402,24.321827088021877,42.604343461721236,2.326395314235617,0.7314814080306928,0.5830137041046309,0.969433728546712,0.3399239640509644,0.004937692819551146,0.015985118867582117,0.004332768737523441,0.036741576432157766,0.0790938237251225,0.07432248502812897,0.013678845804851491,0.026835944588954087,0.7031032605408021,0.04096848345532636,460,405,132248,crowntail
dataset\crowntail\ct4.png,246.22400973764096,39.744027883970865,0.015581691637635231,0.008256463333964348,0.005250113550573587,0.005690067540854216,0.005030137021094561,0.005132792517542839,0.0069146049208939075,0.9481441378593445,247.19165847864025,35.65598193466745,0.004604848101735115,0.01242135837674141,0.008241798728704453,0.007479212246835232,0.0061226882971823215,0.004729501903057098,0.0066579654812812805,0.9497426152229309,245.83506870609628,41.00526329638529,0.0156696829944849,0.010030942969024181,0.006943935062736273,0.005000806413590908,0.003908255137503147,0.004582850728183985,0.0062546744011342525,0.9476088285446167,10.937130622241124,31.71447104950695,0.8808972239494324,0.04076904058456421,0.042990803718566895,0.008344454690814018,0.021990349516272545,0.005008139181882143,0.0,0.0,5.713531508014489,28.642357677203456,0.959553599357605,0.008351786993443966,0.0063939932733774185,0.006042030174285173,0.006503981538116932,0.005220783408731222,0.003578289644792676,0.004355541430413723,247.4063338661661,35.14737817308203,0.003900922369211912,0.012524014338850975,0.00859376136213541,0.006672630552202463,0.006218011491000652,0.0050667994655668736,0.007024593185633421,0.9499992728233337,185436.0,1726.0,1.1358024691358024,0.9953623188405797,1.0,485.9058017944524,0.46955041383867246,186300.0,2.945816543522229,7.70551109901455,13.216649678497324,11.455419072871202,-24.004324368085665,-15.322248308306902,-23.893581536307085,33.73790044660718,1.5891433028489959,0.7913066596215382,0.6731081891786618,0.9709529514686518,0.4530817919007979,0.0070245934094942,0.01439381718458989,0.0031603337781753657,0.01823607913299799,0.02342019973896083,0.04511724764991421,0.006152018654035109,0.020230535716904485,0.8268342401267067,0.03543093460822127,460,405,136378,crowntail
dataset\crowntail\ct5.png,243.81558153598064,33.655640514720226,0.0008466035360470414,0.004078479018062353,0.008398843929171562,0.015594974160194397,0.017536787316203117,0.024067727848887444,0.03616206347942352,0.8933145403862,238.71364644224954,46.812224607118495,0.012309346348047256,0.011718067340552807,0.014284754171967506,0.015413559041917324,0.018611839041113853,0.025129342451691628,0.03114963322877884,0.8713834285736084,239.6134717462877,40.62611410835618,0.0007726936601102352,0.004810858052223921,0.01578310877084732,0.02567358687520027,0.028629980981349945,0.031431835144758224,0.03129073604941368,0.8616071939468384,26.25347040247262,50.652929605128016,0.7791641354560852,0.013545656576752663,0.048672981560230255,0.07268695533275604,0.06160048395395279,0.02432977221906185,0.0,0.0,13.587099375125982,39.969068235076406,0.8846737742424011,0.031062286347150803,0.02467244490981102,0.020822415128350258,0.016636431217193604,0.009500772692263126,0.005724652204662561,0.006907209753990173,245.19067392326815,29.48605696427916,6.719075372529915e-06,0.0009742659167386591,0.00520056439563632,0.013532217592000961,0.01803399808704853,0.026950212195515633,0.03903782740235329,0.8962641954421997,185436.0,1726.0,1.1358024691358024,0.9953623188405797,1.0,485.9058017944524,0.48342204116781806,186300.0,3.0115200072688233,7.779864700593423,13.806484886975019,12.181929167629718,25.278902802962936,16.255182182507586,-25.387947952435265,29.80622058204395,2.1111021285644362,0.7275666217566196,0.6472842060972851,0.9603147540565641,0.4189883331361421,0.009903917220990393,0.020365517704763823,0.007451454679836054,0.0362628502318081,0.06749983202311362,0.06104280051064973,0.014257878115971243,0.02811933078008466,0.7121212121212122,0.04297520661157025,460,405,148830,crowntail
dataset\crowntail\ct6.png,247.51156018711998,24.11524634181499,2.022190165007487e-05,0.0007010259432718158,0.0023187780752778053,0.00506895687431097,0.014323847368359566,0.026692910119891167,0.03577928617596626,0.9150949716567993,242.92324440190356,36.77948663890421,0.00217048404738307,0.006262049078941345,0.010805236175656319,0.013528452254831791,0.019803982228040695,0.028998207300901413,0.030278926715254784,0.8881526589393616,240.15454925381184,42.41709244417253,0.002574922051280737,0.007293365895748138,0.016629144549369812,0.025149304419755936,0.02765682153403759,0.021610472351312637,0.020066866651177406,0.8790190815925598,15.902139477196435,38.95271874073985,0.8509308695793152,0.006915890146046877,0.03258422389626503,0.08263342827558517,0.022587863728404045,0.004347709007561207,0.0,0.0,11.294875770117422,36.32424204175211,0.9020720720291138,0.02260134555399418,0.021731803193688393,0.019224287942051888,0.015166426077485085,0.011971365660429,0.005493616685271263,0.001739083556458354,247.83502972619544,23.048758788150955,0.0,0.00014829394058324397,0.0015975302085280418,0.004920662846416235,0.014054222032427788,0.02644350752234459,0.03576580435037613,0.9170699715614319,185436.0,1726.0,1.1358024691358024,0.9953623188405797,1.0,485.9058017944524,0.49670424093267035,186300.0,3.0108531879316094,7.72501988708099,12.539753423035096,11.370413427315436,23.423302994568278,15.24080483934173,23.545761558215382,20.30295265470639,1.7337559393120674,0.7471253644921783,0.6649918001848398,0.9712172118062853,0.4422282395650598,0.0027366973590196423,0.007286625234237028,0.005554282324709816,0.03304258732491203,0.058468258355015706,0.06223627269908462,0.011155749086644108,0.020666783504320746,0.7860253178208879,0.012827426291168422,460,405,148354,crowntail
dataset\crowntail\ct7.png,238.63701909975006,52.377519568921535,0.02251792699098587,0.016211040318012238,0.01754249446094036,0.012598204426467419,0.009491478092968464,0.00900094211101532,0.010129952803254128,0.9025079607963562,237.9603911828141,54.30740050168262,0.025087401270866394,0.023000678047537804,0.014132102020084858,0.009756211191415787,0.008058802224695683,0.008292390033602715,0.009460332803428173,0.9022120833396912,246.9100684414199,25.616888096309957,0.0,2.335884710191749e-05,6.229025893844664e-05,0.0039476449601352215,0.030825890600681305,0.034298572689294815,0.017698219045996666,0.913144052028656,24.003044436312106,53.924358069036046,0.8271445631980896,0.010620488785207272,0.04469325765967369,0.007108875550329685,0.03487475588917732,0.07555808126926422,0.0,0.0,14.892751749966909,48.65261415719341,0.9072030782699585,0.013555916957557201,0.010005372576415539,0.009320179931819439,0.012349043041467667,0.015627067536115646,0.014015307649970055,0.017924021929502487,247.1260599076547,25.659854734524245,0.0,2.335884710191749e-05,6.229025893844664e-05,0.0039476449601352215,0.030825890600681305,0.034298572689294815,0.01767485961318016,0.9131673574447632,185436.0,1726.0,1.1358024691358024,0.9953623188405797,1.0,485.9058017944524,0.46757399937292626,186300.0,2.908447229483289,7.639003535717381,12.548885981359582,11.63497781764173,-23.87574278733227,15.480385091538455,-23.879119771852526,35.92154503171772,1.711410363176176,0.77213812448385,0.5918960987991638,0.9675030120693715,0.3503555752668306,0.012084309862883572,0.01976158404123615,0.005715131082059627,0.03010955298954302,0.05374870553059619,0.06397988024698087,0.01079178702961123,0.027610156426407954,0.7258450062679571,0.05035388652272427,460,405,128431,crowntail
dataset\crowntail\ct8.png,251.19183533037145,18.342820476101657,0.00013463178765960038,0.0004637317033484578,0.001308920094743371,0.003837005700916052,0.008092866279184818,0.012131819501519203,0.01026193331927061,0.9637690782546997,249.612776556119,26.17989385767615,0.0006282816757448018,0.0022812606766819954,0.006350132171064615,0.011391344480216503,0.007920836098492146,0.005961196031421423,0.006447366438806057,0.9590196013450623,249.1753354575237,27.613450592760643,0.0007105566328391433,0.0029618991538882256,0.008975451812148094,0.010486319661140442,0.006798904854804277,0.005512423347681761,0.006783945951610804,0.9577705264091492,12.165395144280392,34.435076432348204,0.888360321521759,0.018818531185388565,0.01755448803305626,0.05559544637799263,0.01732262223958969,0.002348576672375202,0.0,0.0,3.843535430597316,17.761124345493194,0.964442253112793,0.010015108622610569,0.010336728766560555,0.010875255800783634,0.0034181512892246246,0.0006731589091941714,0.00016454995784442872,7.479543273802847e-05,251.51480949602836,18.141935089783306,0.0001121931491070427,0.0004712112422566861,0.0012864815071225166,0.003657496767118573,0.008040509186685085,0.012273930944502354,0.009970230981707573,0.9641879200935364,185436.0,1726.0,1.1358024691358024,0.9953623188405797,1.0,485.9058017944524,0.41075668515730795,186300.0,2.9388184277186045,7.948807298431238,12.487640661476037,11.383234897971706,-23.916096189492674,16.30818534500694,23.332999686611483,40.60080446781581,2.4645496300885843,0.7185941480966941,0.647302737651639,0.9273656361971824,0.419007167620717,0.00948406109291089,0.012520755733070054,0.0036051399422579247,0.015594848090472558,0.02198237819563494,0.03721072865712277,0.007905877425241964,0.016522311478107378,0.8508953013508056,0.024278598034375983,460,405,133698,crowntail
dataset\crowntail\ct9.png,249.0199000778614,23.925274051253762,0.0009667791309766471,0.002264469163492322,0.0030365949496626854,0.0048663378693163395,0.008662081323564053,0.015208927914500237,0.024656111374497414,0.940338671207428,246.70977809499092,31.352584507664098,0.001219828729517758,0.0041136774234473705,0.007974306121468544,0.011484557762742043,0.014099403284490108,0.01723981276154518,0.01674020290374756,0.9271281957626343,243.7719244744355,39.67476294738544,0.001959512010216713,0.009382299147546291,0.017583701759576797,0.021269140765070915,0.010984946973621845,0.00761744100600481,0.00892161950469017,0.9222813248634338,14.625668310407475,36.419041015775264,0.8618414402008057,0.01631845347583294,0.03991694748401642,0.06188683956861496,0.015591747127473354,0.00444458844140172,0.0,0.0,9.330716324941603,32.91324030172086,0.927562952041626,0.01106929685920477,0.009207111783325672,0.020737087354063988,0.01899818331003189,0.009051388129591942,0.0027316377963870764,0.0006423565791919827,249.88605631975085,21.244781963430533,0.00010381521133240312,0.0008110562921501696,0.0025564495008438826,0.004600311629474163,0.008850246667861938,0.015429535880684853,0.025279004126787186,0.9423695802688599,185436.0,1726.0,1.1358024691358024,0.9953623188405797,1.0,485.9058017944524,0.4547187118624779,186300.0,3.0347539120275977,7.945808944404079,13.336707380963496,12.123544195182058,24.91892809081756,16.371980364636364,25.146542418251897,34.5214087763569,2.07919517374838,0.775810188525346,0.7197302305300567,0.9403689578806812,0.5180194772001374,0.00979756034259019,0.015715027251492344,0.004905268621853101,0.016863483000259537,0.03462237217752401,0.03813262392940566,0.009823514144822217,0.02062678432390345,0.8201531274331689,0.029360238774980535,460,405,154120,crowntail
dataset\doubletail\dt1.png,253.05017072364797,14.90620712810422,7.867449312470853e-06,0.0002517583779990673,0.0021006090100854635,0.004185482859611511,0.0027850770857185125,0.002887353766709566,0.005035167559981346,0.9827466607093811,252.729147325854,14.86654777935765,7.867449312470853e-06,3.933724656235427e-05,0.0007395402062684298,0.004036001395434141,0.0048778182826936245,0.0059949965216219425,0.009267855435609818,0.9750365614891052,253.20681163753088,11.941710290251745,0.0,0.0,8.654194243717939e-05,0.0012194545706734061,0.00392585713416338,0.008190014399588108,0.008182147517800331,0.9783959984779358,2.2834484603401886,16.237114495513822,0.9810788035392761,0.0009362264536321163,0.0016521643847227097,0.011942788027226925,0.0018724529072642326,0.002517583779990673,0.0,0.0,1.9728415653076958,13.919987625345641,0.9796390533447266,0.005578021518886089,0.007379667367786169,0.0036740987561643124,0.002501848852261901,0.0010857080342248082,0.00014161408762447536,0.0,253.97910405488332,7.934962183366771,0.0,0.0,1.5734898624941707e-05,0.0004956492921337485,0.0010778405703604221,0.00350888236425817,0.007450474426150322,0.987451434135437,185436.0,1726.0,1.1358024691358024,0.9953623188405797,1.0,485.9058017944524,0.5213930052372406,186300.0,2.902188206110606,7.410878146562168,11.337535859562228,10.685302158789025,21.69714518319268,14.395959760918528,-23.051619571863252,20.644916935021605,1.6415101730619848,0.7607213807036733,0.6561633965463475,0.9640481868321039,0.4305520203347057,0.000983431151951914,0.0016993690305729078,0.0014004059603795257,0.009425204160307146,0.011250452378329898,0.02526237943134077,0.002187150881941057,0.007182981133856781,0.9376189951693862,0.002989630701933819,460,405,127106,doubletail
dataset\doubletail\dt10.png,246.91092924285647,24.934861926237875,0.0,4.6766122977714986e-05,0.0008043773123063147,0.007230042479932308,0.02330823615193367,0.023991020396351814,0.030959174036979675,0.9136604070663452,245.81938923443857,26.909888132042195,9.353224413644057e-06,0.00016835804854054004,0.0012346255825832486,0.0044614882208406925,0.03148295357823372,0.03494364768266678,0.025889726355671883,0.9018098711967468,245.55143805827058,27.29824330451497,0.0010569143341854215,0.0017022868851199746,0.0027217883616685867,0.005565168801695108,0.011841182596981525,0.04049010947346687,0.04165926203131676,0.894963264465332,27.95098910349343,48.98395164640432,0.7536828517913818,0.019230229780077934,0.09645980596542358,0.05836411938071251,0.056661833077669144,0.015601178631186485,0.0,0.0,7.656231585839218,20.823032050068527,0.9102184176445007,0.052761539816856384,0.026899874210357666,0.006753027904778719,0.0018051723018288612,0.0007295515388250351,0.0004583080008160323,0.0003741289838217199,249.07145863536454,19.28771130729273,0.0,4.6766122977714986e-05,0.0006734321941621602,0.0023008931893855333,0.005471636541187763,0.025983257219195366,0.04570920765399933,0.9198148250579834,185436.0,1726.0,1.1358024691358024,0.9953623188405797,1.0,485.9058017944524,0.43926693057559324,186300.0,2.8087115563656786,7.560446800820955,11.391182466300316,10.415916530696855,22.645722729132988,-15.781304372432052,21.31994989473308,10.656304780995843,1.3715821978617146,0.6868367907106255,0.46023532014605745,0.9847809507387703,0.21182866942080816,0.004208951035869616,0.015825655894869756,0.008127952111490436,0.03612215311228546,0.06313426553804424,0.10322218584857129,0.022363559837253893,0.023420474208483373,0.7003413926951316,0.02323340971800028,460,405,106915,doubletail
dataset\doubletail\dt2.png,252.58116929723226,11.571815866342947,8.202716708183289e-05,0.00025291708880104125,0.00035545104765333235,0.0005605189362540841,0.0014218041906133294,0.005263409577310085,0.019290054216980934,0.9727737903594971,249.0521214275461,22.274221275476858,0.0007587512955069542,0.0008066004374995828,0.0015106669161468744,0.003602359676733613,0.009098179638385773,0.02259848453104496,0.03306378424167633,0.9285611510276794,244.52218493024273,34.60396297406529,0.0016405433416366577,0.003322100266814232,0.00823005847632885,0.015831243246793747,0.022769372910261154,0.026734020560979843,0.018920931965112686,0.9025517106056213,10.660359689117046,31.11277519086764,0.8943079710006714,0.0005058341776020825,0.021019460633397102,0.08404366672039032,0.00011620514851529151,6.835597105236957e-06,0.0,0.0,9.151230749249793,30.95498502788344,0.9075143933296204,0.02311115339398384,0.028176331892609596,0.01972069777548313,0.01354131754487753,0.005003657191991806,0.0020711859688162804,0.0008612852543592453,252.611710744875,11.513474983935545,8.202716708183289e-05,0.00025291708880104125,0.00035545104765333235,0.0005605189362540841,0.0014081329572945833,0.005201889201998711,0.018893590196967125,0.9732455015182495,185436.0,1726.0,1.1358024691358024,0.9953623188405797,1.0,485.9058017944524,0.43303872960237627,186300.0,3.0058869382531963,7.982212144619574,12.60970011898847,11.39758705869241,24.405317417015723,15.598207709336142,23.403372159614047,35.674572508001965,2.3251835075190015,0.7445387792903685,0.6977834648991754,0.9073337638980384,0.4869033405375607,0.008838426992405652,0.010848092526641739,0.005905955855714217,0.013596002542842104,0.01758799122309338,0.02875052121427546,0.007478143178415919,0.013596002542842104,0.8765627883767507,0.016836075547018655,460,405,146293,doubletail
dataset\doubletail\dt3.png,251.78279126762982,19.85856364975371,0.0007024609367363155,0.002122993115335703,0.004222570918500423,0.002482028678059578,0.0028176489286124706,0.004846980795264244,0.0111691290512681,0.971636176109314,249.16653007703655,26.497789830813637,0.00024976389249786735,0.0012878450797870755,0.00472209881991148,0.012511610053479671,0.014845341444015503,0.010685211978852749,0.006415809970349073,0.9492823481559753,250.1131118239789,23.011236593728885,5.4635853302897885e-05,0.0005931892665103078,0.0026225207839161158,0.008437336422502995,0.014142880216240883,0.012324287556111813,0.00867929495871067,0.9531458616256714,4.935069192404056,23.124478223833695,0.95790696144104,0.003754263510927558,0.0019434753339737654,0.03450644388794899,0.0017405421240255237,0.00014829731662757695,0.0,0.0,5.069036301621124,24.18620324530889,0.9532551169395447,0.007828537374734879,0.010716431774199009,0.016304899007081985,0.007055830210447311,0.0029815565794706345,0.0012332092737779021,0.0006244097603484988,253.02304852444175,11.75010076043692,0.0,2.3415364921675064e-05,0.0005385534022934735,0.0012878450797870755,0.0023181212600320578,0.0058928667567670345,0.01349505502730608,0.9764441251754761,185436.0,1726.0,1.1358024691358024,0.9953623188405797,1.0,485.9058017944524,0.5410891406889361,186300.0,2.908545494819468,7.348595990515794,12.062813955923227,11.529256789639401,23.558864185629343,15.287818760284589,23.415875739708465,11.31049665459438,1.070464632414379,0.8090887966928358,0.6472969258433671,0.983939842498685,0.41899536690142963,0.002005916282264422,0.003488889409230337,0.003317176731371126,0.013229681316880137,0.016476611952763405,0.028277955994723738,0.003965001834203605,0.008445141701984843,0.9157983468752195,0.0049952779013588714,460,405,128121,doubletail
dataset\doubletail\dt4.png,251.0349379750584,20.023313961460353,0.00025665492285043,0.0008094501681625843,0.0022506662644445896,0.004244677722454071,0.008173472248017788,0.012641900219023228,0.014208153821527958,0.9574150443077087,250.7731367839163,20.7853962232088,0.0001645223965169862,0.0009608107502572238,0.002329637063667178,0.004764568526297808,0.008634135127067566,0.014359514228999615,0.0144516471773386,0.9543351531028748,251.69885163370733,16.853348437507996,0.0,9.871343354461715e-05,0.0010200388496741652,0.003639235394075513,0.006390049587935209,0.010555756278336048,0.017617058008909225,0.9606791734695435,5.095212398407424,27.47264908494499,0.9669836759567261,3.948537414544262e-05,0.00030272119329310954,0.004955414216965437,0.01285248901695013,0.014866243116557598,0.0,0.0,1.6070678819387318,9.053548778125808,0.9818170070648193,0.013273666612803936,0.0037971767596900463,0.00048698627506382763,0.0001842650817707181,0.0003685301635414362,7.238985563162714e-05,0.0,251.83056167944457,16.444702342872386,0.0,9.871343354461715e-05,0.0010002960916608572,0.003362837713211775,0.006205784622579813,0.00984502024948597,0.01662992313504219,0.9628574252128601,185436.0,1726.0,1.1358024691358024,0.9953623188405797,1.0,485.9058017944524,0.491291865550889,186300.0,3.024153823511227,7.773299445332311,13.488636709361733,12.045225296304887,-24.88585578786932,-16.312373721411216,25.082609732849463,9.522030108371455,0.7780851879985836,0.8679615655700473,0.7691698691646804,0.9837545371874045,0.5916234232319737,0.001750518245533217,0.0035273600737060315,0.0033430949952288507,0.009509394228554506,0.01788029350794643,0.024625711559343226,0.0033759994735283474,0.006633542825178507,0.9250501793294067,0.00430390576157415,460,405,151955,doubletail
dataset\doubletail\dt5.png,246.9294695006624,36.353090258723455,0.009173547849059105,0.0068155876360833645,0.0077321091666817665,0.007448820397257805,0.008057057857513428,0.007790433242917061,0.00782376155257225,0.9451586604118347,245.32709820945016,41.264572602133,0.010023413226008415,0.015097609721124172,0.008940251544117928,0.00835700985044241,0.006998891942203045,0.003907714504748583,0.00359943020157516,0.9430756568908691,245.94032611503178,39.89022762957212,0.011664819903671741,0.010465010069310665,0.00957348383963108,0.006157358642667532,0.0051575168035924435,0.005949058104306459,0.00702388770878315,0.9440088868141174,5.345370316366576,23.61646848439426,0.9491663575172424,0.0067655956372618675,0.0037244101986289024,0.037035804241895676,0.0005082528805360198,0.0027995568234473467,0.0,0.0,8.64942217482232,39.25089521958836,0.9505078196525574,0.0025995883625000715,0.001724726869724691,0.0041910032741725445,0.01089827436953783,0.011031586676836014,0.008881927467882633,0.010165057145059109,248.90465676267925,27.807386342386117,0.0004249327175784856,0.004007698968052864,0.007282180245965719,0.008340345695614815,0.010206717066466808,0.01089827436953783,0.011198227293789387,0.9476416110992432,185436.0,1726.0,1.1358024691358024,0.9953623188405797,1.0,485.9058017944524,0.45417394534780225,186300.0,2.8666058030259443,7.611834960348838,11.833342480722203,11.40920745270613,23.063180012491536,15.41598846796655,23.457745372806233,19.486845023329884,1.5784847820619499,0.7362903653446663,0.5981967471433176,0.9847921966472944,0.3578417818673581,0.0022579758204950883,0.0037077462735066948,0.0024079520742549096,0.01513926961564419,0.02507936243428124,0.02973695831493347,0.003524441963355802,0.01016505719927678,0.9028570476341246,0.00512418867012723,460,405,120019,doubletail
dataset\doubletail\dt6.png,250.43062835446926,19.31813635900192,0.0,8.375267498195171e-05,0.0006909595686011016,0.0015982802724465728,0.012869995087385178,0.02169194445014,0.01933290995657444,0.9437321424484253,250.7412670384355,18.29140211798279,2.093816874548793e-05,0.00044668096234090626,0.0005932481144554913,0.0017239092849195004,0.0074888854287564754,0.022536449134349823,0.02207580953836441,0.9451140761375427,251.39493575471633,16.656151539069885,2.791756014630664e-05,0.00044668096234090626,0.0005094954394735396,0.001919332193210721,0.006742090452462435,0.012227891013026237,0.023297203704714775,0.9548293948173523,3.6988323480761314,20.082232990202865,0.9724453687667847,0.002575394930317998,0.002728941384702921,0.014426399022340775,0.0030569727532565594,0.004766923375427723,0.0,0.0,2.0152290286783128,9.666993807288861,0.9749370217323303,0.018118496984243393,0.0061279041692614555,0.0007328359642997384,8.375267498195171e-05,0.0,0.0,0.0,251.69171337041715,15.089849406166394,0.0,6.97938958182931e-05,0.0005443923873826861,0.0010469084372743964,0.004718067590147257,0.01300958264619112,0.024665163829922676,0.9559460878372192,185436.0,1726.0,1.1358024691358024,0.9953623188405797,1.0,485.9058017944524,0.45727850561688765,186300.0,2.982561441442042,7.830540643050816,12.958848192362902,11.633061004510203,24.18035875132667,15.551442586806408,-24.010941497786174,8.516778608948824,0.8570124410783114,0.8256403402680395,0.7151536588893256,0.9852509348455678,0.5114459589012389,0.004096901848840375,0.004815779004599418,0.0037339735760299835,0.012116220799977666,0.013658665959421827,0.025474772995344747,0.005115892768654164,0.00782389603500862,0.9152283307393267,0.007935566272796433,460,405,143279,doubletail
dataset\doubletail\dt7.png,250.21021540358208,28.6423847768199,0.004837163258343935,0.005924454424530268,0.005761789157986641,0.0025769665371626616,0.0027396322693675756,0.00415225513279438,0.005076881032437086,0.9689308404922485,251.4652066710044,20.57818821163686,0.00011985890887444839,0.0005393651081249118,0.003193383803591132,0.008792507462203503,0.0063782064244151115,0.005864525213837624,0.005915893241763115,0.9691962599754333,253.86972192733126,8.23103546661316,0.0,1.712270204734523e-05,0.00013698161637876183,0.00035957671934738755,0.0009931166423484683,0.003955344203859568,0.007328516338020563,0.9872093200683594,1.6548748330536625,14.429879587236485,0.990522563457489,0.0008047669543884695,0.00017122701683547348,0.0017807609401643276,0.0023714941926300526,0.004349166061729193,0.0,0.0,4.002114653607753,27.06805884387915,0.9772096872329712,0.0025255985092371702,0.0013612547190859914,0.0013526934199035168,0.0020204787142574787,0.005453580524772406,0.005539193749427795,0.0045375158078968525,253.8820160268484,8.142372822937805,0.0,8.561351023672614e-06,0.00014554295921698213,0.00033389267628081143,0.0009759939857758582,0.003878291929140687,0.007268586661666632,0.9873891472816467,185436.0,1726.0,1.1358024691358024,0.9953623188405797,1.0,485.9058017944524,0.4614700360659016,186300.0,2.858135083559535,7.563967314223669,11.511596404141589,10.647271693453613,-22.1221102719608,-14.84195683463351,21.76505242230646,12.220238123546467,1.1660888710442059,0.7728110547292811,0.5977596884060267,0.987975064578082,0.3573198776805107,0.000530803739597959,0.0014383069072976952,0.0011900277387760694,0.009468853806376494,0.0191174959761652,0.03350912639978083,0.001977671997534331,0.004528954487860005,0.9260898599363035,0.0021488990103078662,460,405,116804,doubletail
dataset\doubletail\dt8.png,245.80584866597655,31.303939340159417,0.003656459739431739,0.003188967239111662,0.005075633525848389,0.009625338017940521,0.013123184442520142,0.017464186996221542,0.03159748762845993,0.9162687659263611,238.16156877149632,46.22615482283938,0.0077219754457473755,0.008965839631855488,0.01513507217168808,0.025712091475725174,0.029343506321310997,0.026396634057164192,0.021713361144065857,0.8650115132331848,242.89791130998097,34.11928697171916,0.00012522122415248305,0.0012856045505031943,0.007162653841078281,0.01962633989751339,0.029627341777086258,0.029410291463136673,0.03022005595266819,0.8825424909591675,19.324590109192908,46.684239126831194,0.8442498445510864,0.01035162154585123,0.019517814740538597,0.05990583449602127,0.0353541262447834,0.030620763078331947,0.0,0.0,16.15009850736301,44.158874016968575,0.8651283979415894,0.021679967641830444,0.027957724407315254,0.03590510040521622,0.024259524419903755,0.012029585428535938,0.006469763349741697,0.006569940131157637,249.75403212341803,17.162275992843128,0.0,3.339232716825791e-05,0.000217050124774687,0.002262330148369074,0.006820382550358772,0.014475573785603046,0.035512737929821014,0.9406785368919373,185436.0,1726.0,1.1358024691358024,0.9953623188405797,1.0,485.9058017944524,0.4493642307940509,186300.0,2.882251204535397,7.663722463809318,11.655246166642694,11.43438885100751,-23.368900934171666,15.272464482707589,-23.018673404453523,27.379415298883384,2.3174151996639827,0.6562840319244354,0.5314001435841401,0.9753684933257873,0.2823899542863317,0.01078572144121281,0.012455337763381974,0.009733863158246234,0.027173005643303168,0.03758306341202792,0.04829365211874311,0.012789261027815808,0.02234781447223428,0.7955721775136074,0.02326610344942732,460,405,119788,doubletail
dataset\doubletail\dt9.png,251.78954442717367,18.209984691708996,0.0011488815071061254,0.0011638995492830873,0.0011413724860176444,0.0025530699640512466,0.004497908521443605,0.00747148459777236,0.013478708453476429,0.9685446619987488,246.5063113393856,33.42921511610596,0.0022076547611504793,0.004160002339631319,0.007952062413096428,0.014552499167621136,0.018907736986875534,0.014424845576286316,0.005834516137838364,0.9319607019424438,244.4722128359352,40.51846625764246,0.0045279450714588165,0.009318705648183823,0.01751856692135334,0.018900226801633835,0.010159716941416264,0.004355237353593111,0.0034766807220876217,0.9317429065704346,7.574718599115436,28.047471769809157,0.9316303133964539,0.0020499650854617357,0.004813287872821093,0.05608494207262993,0.0038446232210844755,0.0015768961748108268,0.0,0.0,10.118177107972336,39.49724255753891,0.9335000514984131,0.0028083771467208862,0.004625562112778425,0.011796685867011547,0.019373295828700066,0.015498637221753597,0.007771845441311598,0.004625562112778425,252.3661928468984,14.006381991127606,7.509029728680616e-06,9.761738328961655e-05,0.0004955959739163518,0.0019148025894537568,0.0044828904792666435,0.008124769665300846,0.014770261012017727,0.9701065421104431,185436.0,1726.0,1.1358024691358024,0.9953623188405797,1.0,485.9058017944524,0.4254591874142964,186300.0,2.9496318555987755,7.9034900730834385,12.206608639347408,11.250659882495535,23.128190804907163,16.758207363582184,23.131439629208383,34.25444460173798,2.2946855641983377,0.7287818968790837,0.65781253408184,0.9648705810638679,0.432719474662518,0.00627754875237473,0.006532855759050258,0.003904695396213947,0.012622678771222395,0.012630187800830498,0.027775900520375752,0.004325201054267757,0.011203472175290788,0.9029082471672186,0.011819212603155294,460,405,133173,doubletail
dataset\halfmoon\hm1.png,253.88648809967918,11.82567584502416,0.00026859657373279333,0.0006491084350273013,0.001066925353370607,0.0014996642712503672,0.001447437098249793,0.0015966574428603053,0.0027904200833290815,0.9906811714172363,252.29024845183915,20.139515021945204,0.0002760576026048511,0.00161157944239676,0.004260240122675896,0.008117585442960262,0.001544430386275053,0.0011937626404687762,0.0019846302457153797,0.981011688709259,252.45319704543758,18.9329142145516,6.714914343319833e-05,0.0005968813202343881,0.0038275013212114573,0.008639857172966003,0.0016712676733732224,0.0018204879015684128,0.002491979394108057,0.980884850025177,2.2870775199582183,16.640475729442368,0.9810564517974854,0.0014175930991768837,0.0009923151228576899,0.012997089885175228,0.0019398642471060157,0.0015966574428603053,0.0,0.0,2.147496829068119,17.51645332104479,0.9850108027458191,0.0013952100416645408,0.0008505558362230659,0.0008729388937354088,0.00764754181727767,0.0038573453202843666,0.0003655898035503924,0.0,254.0653883458927,9.850410257033104,2.9844064556527883e-05,0.0002312915021320805,0.0007386406068690121,0.0011489965254440904,0.001544430386275053,0.002036857418715954,0.0033574572298675776,0.9909124970436096,185436.0,1726.0,1.1358024691358024,0.9953623188405797,1.0,485.9058017944524,0.5239353406989059,186300.0,2.94012287238489,7.476960748937134,11.700207887227494,10.777818166173333,22.19249705255262,14.8123361856964,-22.144808365975944,15.277269835147282,1.0944852037484012,0.8162461844977379,0.6999972987970695,0.9844215911145406,0.4899975718828631,0.0007461016190405133,0.0011415354771319853,0.0009102439752294262,0.00700589420279042,0.007378945012310676,0.021413116466462732,0.0011863015742744163,0.004901887637096172,0.9532567335671118,0.0020592404685518166,460,405,134030,halfmoon
dataset\halfmoon\hm10.png,247.5221957357619,20.310670948759313,0.00022140385408420116,0.0003542461490724236,0.0009446564363315701,0.0017048096051439643,0.0051513295620679855,0.02158687449991703,0.0750337615609169,0.8950029015541077,244.82668506778649,25.457835478658513,0.00022878397430758923,0.0003468660288490355,0.000981557066552341,0.002826589159667492,0.012354334816336632,0.05110000818967819,0.07251714169979095,0.8596447110176086,242.21459198960878,31.117265599632233,2.2140384317026474e-05,0.00013284230954013765,0.0007896737079136074,0.01170488353818655,0.03546151518821716,0.04441361129283905,0.06561671942472458,0.8418586254119873,17.365877238946414,39.06767555736977,0.8302275538444519,0.011896766722202301,0.0339190699160099,0.11211153119802475,0.006095985881984234,0.005749119911342859,0.0,0.0,7.723791319493133,21.459503287808047,0.9052391648292542,0.04775680974125862,0.032280679792165756,0.013682757504284382,0.0007749134674668312,0.00011808205454144627,5.166089613339864e-05,9.594166476745158e-05,248.11461339198075,18.308472672991297,2.2140384317026474e-05,0.00013284230954013765,0.0003468660288490355,0.00115130003541708,0.004162392113357782,0.0178377702832222,0.07611864060163498,0.9002280235290527,185436.0,1726.0,1.1358024691358024,0.9953623188405797,1.0,485.9058017944524,0.47113695116707144,186300.0,2.942421815247019,7.692133117397997,13.226595131692164,11.820704170542758,24.35393546352599,15.673733610543213,25.026784217339774,10.314674355992798,1.2254650607721946,0.7520601630691802,0.5910780616671768,0.9882743216338442,0.34937515333246,0.004250953881578462,0.011262075734876273,0.008169801991158606,0.02602971239640145,0.06304843578181389,0.05440630558159101,0.014088664860995284,0.013815600115130002,0.7923231905770522,0.0126052590794028,460,405,135499,halfmoon
dataset\halfmoon\hm2.png,252.2777145340895,16.20339698313535,0.0,0.0005795421893708408,0.0011797822080552578,0.0032909715082496405,0.005816119723021984,0.007306370884180069,0.009945357218384743,0.9718818664550781,252.40360971974997,15.500241770328229,0.0,0.0003829117922578007,0.0009935008129104972,0.0027631742414087057,0.0059506562538445,0.00721323024481535,0.010328269563615322,0.9723682403564453,251.69900028977108,19.22906627829038,0.000310469011310488,0.0012004801537841558,0.0025251479819417,0.004005050286650658,0.006302521098405123,0.008693132549524307,0.008351616561412811,0.9686115980148315,3.5824295235335515,17.00488962480161,0.9562135338783264,0.010038497857749462,0.022519351914525032,0.011187233962118626,4.1395869629923254e-05,0.0,0.0,0.0,1.3827875977977397,9.36391488524034,0.9831001162528992,0.010348967276513577,0.004005050286650658,0.0019663036800920963,0.000465703516965732,0.00010348967043682933,1.0348967407480814e-05,0.0,252.52570683445794,14.822993215749252,0.0,0.00026907314895652235,0.0009935008129104972,0.0020283975172787905,0.005660885013639927,0.007699631620198488,0.01019373256713152,0.9731547832489014,185436.0,1726.0,1.1358024691358024,0.9953623188405797,1.0,485.9058017944524,0.44321030201569284,186300.0,2.7522604721317956,7.43034497633343,10.304634487720639,9.525407534890114,19.56318695046852,13.342292252672985,19.622775359826512,12.925104398481581,1.5562184230738776,0.6688266646969064,0.4917192687332508,0.9884220630798274,0.24179140548969857,0.0005588442273461109,0.0012315270935960591,0.0009210580784037753,0.010980254170633771,0.027704185122324792,0.0378875688206317,0.002276772778076748,0.00684066730140332,0.9093947923997185,0.002204330007865215,460,405,96628,halfmoon
dataset\halfmoon\hm3.png,241.00709261826665,36.07454384607622,0.0008115510572679341,0.004590335767716169,0.009687891229987144,0.017372265458106995,0.023720961064100266,0.029562437906861305,0.05037534236907959,0.8638792037963867,237.05602238528388,39.47396579283401,0.0024092921521514654,0.007473032921552658,0.009239846840500832,0.013382138684391975,0.026443039998412132,0.05487268790602684,0.08346295356750488,0.8027170300483704,209.19729144828054,76.95020929678373,0.019992899149656296,0.0468924343585968,0.09651540219783783,0.06800967454910278,0.032487403601408005,0.007929529994726181,0.003761877305805683,0.7244107723236084,25.209422446150203,41.10467348130929,0.7223988175392151,0.019282791763544083,0.16304568946361542,0.09463869035243988,0.00037196092307567596,0.0002620633749756962,0.0,0.0,39.904008724174076,70.55197491015052,0.740362823009491,0.01749061606824398,0.010110573843121529,0.03288472443819046,0.07240556925535202,0.08611740171909332,0.029816048219799995,0.010812227614223957,242.17528657897407,33.750079299315956,0.0005748486728407443,0.004252189304679632,0.008698812685906887,0.01178439799696207,0.019747743383049965,0.03373854607343674,0.04964832961559296,0.8715551495552063,185436.0,1726.0,1.1358024691358024,0.9953623188405797,1.0,485.9058017944524,0.5405221155910528,186300.0,2.8999180570906367,7.333474490335165,11.184931807334456,10.567993523418508,21.513365804087186,14.429547450394328,-21.727237846177147,33.49084187398992,2.799910265473167,0.5903480532195511,0.4510759014518076,0.962253589356381,0.20347230848601253,0.013863997565346769,0.020491664694146688,0.015596997261015115,0.041363743955635204,0.07384269434957563,0.06060426740607987,0.02148074256923545,0.02347580563351706,0.7004193013897813,0.028860785175666995,460,405,118292,halfmoon
dataset\halfmoon\hm4.png,247.79719203422164,18.261976192972377,7.225851277326001e-06,0.00012283946853131056,0.0003685184055939317,0.001445170259103179,0.005708422511816025,0.017739465460181236,0.06042256951332092,0.9141857624053955,245.58694144170184,23.416139332768214,8.67102135089226e-05,0.00026013064780272543,0.0013151048915460706,0.005549453664571047,0.012348979711532593,0.02415602095425129,0.06466414034366608,0.8916194438934326,238.1091031273484,33.84546504572251,0.0002890340401791036,0.0013945893151685596,0.004436672665178776,0.010535291396081448,0.02667061612010002,0.07201283425092697,0.09400832653045654,0.7906526327133179,26.773910341638246,43.825474638630965,0.7228163480758667,0.0013006532099097967,0.1699737012386322,0.09335076808929443,0.01157581340521574,0.0009827157482504845,0.0,0.0,11.996401526099774,24.10532265902478,0.8232773542404175,0.12746401131153107,0.03677235543727875,0.009010636247694492,0.0025362737942487,0.0007803919143043458,9.393606887897477e-05,6.503266195068136e-05,248.16045725186427,17.555753573726946,7.225851277326001e-06,0.00010838776506716385,0.0002818081993609667,0.0010043933289125562,0.0053110006265342236,0.01679287850856781,0.05730822682380676,0.9191860556602478,185436.0,1726.0,1.1358024691358024,0.9953623188405797,1.0,485.9058017944524,0.4959726453272655,186300.0,2.9650411644805135,7.636316124149636,11.647910323045013,11.34504961707459,23.068746853761663,15.476815401523297,22.9354771328208,13.93952292623034,1.654322677182612,0.6857931995216074,0.5353754615680013,0.9736205386548976,0.28663034833004314,0.005715648303370137,0.01524654604312388,0.011178391814555756,0.03834036649517313,0.09193450488467542,0.07267761142262559,0.02003005954101393,0.019618186022313428,0.7064570206370311,0.018801664836117695,460,405,138392,halfmoon
dataset\halfmoon\hm5.png,253.90073724243274,9.091028502431817,0.0,7.793260010657832e-06,0.00011689890379784629,0.0008182923193089664,0.0019171420717611909,0.003756351536139846,0.0060709500685334206,0.9873125553131104,253.91757068487172,9.198623753457998,0.0,3.117304004263133e-05,0.0002493843203410506,0.0007559462683275342,0.0018470026552677155,0.004036908969283104,0.005322796758264303,0.9877567887306213,253.78843636023566,10.132435982421345,1.5586520021315664e-05,0.0001246921601705253,0.0002649708476383239,0.0008884316775947809,0.0026185354217886925,0.004192774184048176,0.005229277536273003,0.9866657257080078,1.956903270052059,13.846224330168203,0.9782957434654236,0.0077776736579835415,0.005993017461150885,0.004496711306273937,0.002018454484641552,0.0014183734310790896,0.0,0.0,0.4104476448767106,4.256849069864992,0.99611896276474,0.0030549580696970224,0.0004909753915853798,0.00017924499115906656,9.35191274038516e-05,3.896630369126797e-05,2.33797818509629e-05,0.0,254.01935066554444,8.296295831268031,0.0,0.0,3.117304004263133e-05,0.0006390473572537303,0.0013949936255812645,0.0036862122360616922,0.005922877695411444,0.9883257150650024,185436.0,1726.0,1.1358024691358024,0.9953623188405797,1.0,485.9058017944524,0.545583823860889,186300.0,2.9076381361251675,7.329922066789393,11.83145869025455,10.889157286832981,22.254621594811937,14.555561063983927,23.064245584166947,7.407386184153142,0.963519331233523,0.7882293011544794,0.6684180495284604,0.9912541508331264,0.44678440174355066,8.572586427257707e-05,0.0004052495401976371,0.00020262477009881855,0.006335920695782288,0.017589388696655134,0.025374855824682813,0.0013716138283612332,0.00369400542410923,0.9442781882228249,0.0006624271330153683,460,405,128316,halfmoon
dataset\halfmoon\hm6.png,253.4281170127423,10.343416049390711,0.0,9.328184205514845e-06,0.00026118915411643684,0.0005596910486929119,0.001986903138458729,0.006184586323797703,0.010727412067353725,0.9802708625793457,253.02586705471913,12.877055564621125,0.0,5.5969103414099663e-05,0.0006343165296129882,0.001567134982906282,0.0038618682883679867,0.007593141868710518,0.008591257967054844,0.9776962995529175,252.94669875562022,13.42146141607728,0.0,9.328184387413785e-05,0.0007555829361081123,0.0021174978464841843,0.0037779146805405617,0.007080091629177332,0.00888975989073515,0.9772858619689941,3.569784145818175,19.96869680571265,0.9667543768882751,0.005634223110973835,0.005662207957357168,0.012900878675282001,0.007415906526148319,0.0016324322205036879,0.0,0.0,0.9743101807802094,8.343197041246741,0.9906718134880066,0.0053357211872935295,0.001259304815903306,0.001277961186133325,0.0012126639485359192,0.00024253278388641775,0.0,0.0,253.5701199604485,9.527561090351464,0.0,9.328184205514845e-06,0.0001865636877482757,0.00047573738265782595,0.001380571280606091,0.005158485844731331,0.01126844622194767,0.9815208911895752,185436.0,1726.0,1.1358024691358024,0.9953623188405797,1.0,485.9058017944524,0.542358868077001,186300.0,2.7928493003698542,7.112431697949556,10.889315665982835,10.19541410276517,20.888790234731424,13.900987711902562,20.88779886671238,6.815425069969133,1.0936609746214392,0.7307240434076886,0.5505991015261736,0.9924865139603077,0.30316154997032835,0.0001305945784593571,0.0006249883397697804,0.0003358146303240611,0.007275983657021324,0.028301710788977818,0.03073636685882726,0.0011660230219585456,0.004057760116415739,0.9266898005634223,0.0006809574448237906,460,405,107202,halfmoon
dataset\halfmoon\hm7.png,248.90653205340396,14.99182433159526,0.0,0.0,0.0,0.0002979146083816886,0.0024274522438645363,0.011243517510592937,0.06141454353928566,0.9246165752410889,247.16948030453491,17.827712993370966,0.0,0.0,0.0,0.0006730663008056581,0.003519805846735835,0.017510758712887764,0.09027915447950363,0.8880172371864319,244.36583912611718,22.355909638690687,0.0,0.0,0.000110338740341831,0.0020081650000065565,0.006156901828944683,0.033344365656375885,0.11776454001665115,0.8406156897544861,24.039556438265475,43.16737773095988,0.7625399827957153,2.206774843216408e-05,0.040924638509750366,0.19651329517364502,0.0,0.0,0.0,0.0,5.153536356614808,10.350544945277708,0.9724704623222351,0.02709919400513172,0.00043032108806073666,0.0,0.0,0.0,0.0,0.0,248.9164846077458,14.980137966982529,0.0,0.0,0.0,0.0002979146083816886,0.0024274522438645363,0.011177314445376396,0.06139247491955757,0.9247048497200012,146260.0,1534.0,1.1601123595505618,0.9947765051554806,1.0,431.53680701993994,0.5602222657404714,147028.0,2.8584545395612966,7.177260552123786,11.233543244107763,10.258260632503164,21.162655854113275,14.002256380729506,-21.14698205741563,9.062857599698878,1.3458268263036812,0.6776009574133809,0.46537859033193435,0.9625944019446449,0.21658194053551183,0.008429879730773474,0.017234911177314356,0.011993821030563831,0.03744896833278164,0.05610724925521351,0.0645591967339733,0.019651329581816177,0.026679907315458457,0.7332891978373607,0.024605539004744565,413,356,90630,halfmoon
dataset\halfmoon\hm8.png,251.24990427304434,21.607377829758963,0.0,0.0007451178971678019,0.005267569795250893,0.005112336948513985,0.01121816411614418,0.004656987264752388,0.004450009670108557,0.9685497879981995,251.52403522751968,19.82213686921851,0.0,7.244201697176322e-05,0.0017386084655299783,0.007254550699144602,0.012242701835930347,0.005360709503293037,0.0046466379426419735,0.9686843752861023,252.0194869035176,16.691084740838015,0.0,0.0,5.174430043553002e-05,0.0019559345673769712,0.013701890595257282,0.010338511317968369,0.00527791865170002,0.9686740040779114,1.955634436866779,13.813446234218654,0.981682538986206,0.0031977978069335222,0.009500253945589066,0.002369889058172703,0.000807211094070226,0.002442331053316593,0.0,0.0,1.5196162642684907,11.889837853612372,0.98600834608078,0.005753966048359871,0.0020180277060717344,0.002390586771070957,0.003083960385993123,0.0007451178971678019,0.0,0.0,252.14405613221703,16.041940297856886,0.0,0.0,0.0,0.0012108166702091694,0.012905028648674488,0.011363048106431961,0.005453849211335182,0.9690672755241394,185436.0,1726.0,1.1358024691358024,0.9953623188405797,1.0,485.9058017944524,0.5701791526769637,186300.0,2.7354993871026814,6.894928989918071,10.666172889376144,9.78167474146787,20.139288600201034,13.601724252930303,20.174352458531352,7.5667746986608755,0.8372332689039688,0.7850337538182597,0.4979362628672686,0.9924893920600382,0.2479452275072419,0.0004553498432147699,0.0007761645054797214,0.0011073280278177358,0.012056421985118339,0.017820737045814404,0.0337993769986236,0.0026286104585579897,0.007947924536112348,0.922238665411005,0.0011694211882561135,460,405,96629,halfmoon
dataset\halfmoon\hm9.png,248.25210961867577,25.022375276550225,2.2226009605219588e-05,0.00027412077179178596,0.0025115390308201313,0.008208805695176125,0.01735110394656658,0.023841097950935364,0.021551819518208504,0.9262393116950989,244.82888936633648,35.724189028504675,0.00034820748260244727,0.003533935407176614,0.013861620798707008,0.020366432145237923,0.019877459853887558,0.016254620626568794,0.008727412670850754,0.9170303344726562,243.11546411610868,41.194728233502545,0.0022892788983881474,0.010505493730306625,0.018595760688185692,0.01878838613629341,0.018477221950888634,0.009764626622200012,0.006615941878408194,0.9149633049964905,9.174755699119109,29.906694072983402,0.9122665524482727,0.004711913876235485,0.009312697686254978,0.07291612774133682,0.0007038236362859607,8.890403842087835e-05,0.0,0.0,7.737073723671441,29.559272565731824,0.9245723485946655,0.021870393306016922,0.02093690074980259,0.008268075063824654,0.0130540756508708,0.008912629447877407,0.002052201423794031,0.000333390140440315,248.3383020810953,24.68700219081346,1.4817339433648158e-05,7.408669625874609e-05,0.0022003748454153538,0.008238440379500389,0.01740296557545662,0.023789238184690475,0.02171481028199196,0.9265652894973755,185436.0,1726.0,1.1358024691358024,0.9953623188405797,1.0,485.9058017944524,0.4949031243674939,186300.0,2.950653871632805,7.6118162906850575,11.50625271667945,10.79010054969275,22.02124489435657,14.607618615197818,-22.187364396642543,22.726542554495126,1.7199183219427967,0.7546819692535021,0.6562987268074213,0.9782240653549695,0.43072948682679496,0.007030827474310438,0.00828289264096846,0.004526697140994392,0.011853871400312646,0.020077494684279544,0.026285959830193294,0.004778591908251036,0.011401942553175726,0.8920705009001534,0.013691221467361106,460,405,134977,halfmoon
dataset\plakat\pk1.png,251.13924228480707,20.238906199315533,0.0007165487622842193,0.0008429985609836876,0.0022901459597051144,0.004144742619246244,0.007629137020558119,0.011050306260585785,0.01221645437180996,0.9611096382141113,249.06649151030214,27.782582997579123,0.001278547802940011,0.002072371309623122,0.006617538630962372,0.010263507254421711,0.011935454793274403,0.011394530534744263,0.005676190368831158,0.9507618546485901,242.88292857694822,52.80131130445903,0.0448615737259388,0.0025500706396996975,0.0006533238920383155,0.000477699184557423,0.0006392739014700055,0.0007446487434208393,0.0014190475922077894,0.9486543536186218,5.2029378499322085,21.913375091936643,0.9467225074768066,0.00030207447707653046,0.012616878375411034,0.0402391292154789,9.132484410656616e-05,2.8099952032789588e-05,0.0,0.0,11.749692656780168,51.858385534760856,0.9501717686653137,0.0009483733447268605,0.0005057991365902126,0.0005057991365902126,0.0005409240839071572,0.0011450729798525572,0.0040955678559839725,0.04208670184016228,251.16216482026567,20.172343413266923,0.0006743988487869501,0.0008429985609836876,0.002297170925885439,0.004144742619246244,0.007629137020558119,0.01104328129440546,0.012097029015421867,0.9612712264060974,185436.0,1726.0,1.1358024691358024,0.9953623188405797,1.0,485.9058017944524,0.44733687444014086,186300.0,2.989181680081321,7.886316357596244,12.022497172765904,11.20770153173911,-23.55307173571417,-15.151295137427695,-22.830454088869544,20.69693189728164,1.287785913179426,0.8197121647569171,0.7193618606842759,0.980710942322439,0.5174827877305701,0.002578170552655797,0.0034914189773022643,0.003477369001538472,0.01239910361154627,0.01262390322376694,0.024208108241013285,0.00392696822597981,0.007214662554707093,0.9247061798818397,0.005374115729650367,460,405,142349,plakat
dataset\plakat\pk10.png,247.69888802264987,29.938427040207802,0.0013868942623957992,0.0030363956466317177,0.006770341657102108,0.011210044845938683,0.013458618894219398,0.018111690878868103,0.01039760373532772,0.9356284141540527,248.30285995650567,28.265809818662802,0.0010258093243464828,0.002273193560540676,0.005982520058751106,0.009979073889553547,0.014476221986114979,0.01422182098031044,0.012703623622655869,0.9393377304077148,252.11462804152475,15.245559095656308,0.00032825898961164057,0.0007632021442987025,0.0009929834632202983,0.0015510238008573651,0.002831233898177743,0.007032949011772871,0.01917853206396103,0.9673218131065369,5.120610561733208,27.17862507641755,0.9668048024177551,0.006376430857926607,0.0008534733788110316,0.0012227647239342332,0.002273193560540676,0.022469328716397285,0.0,0.0,5.838357063723278,25.177353943715133,0.9406507611274719,0.016339091584086418,0.016700176522135735,0.012785688042640686,0.008280333131551743,0.0033564481418579817,0.0009929834632202983,0.0008945057634264231,252.2033892741373,14.883581487976429,0.00027081367443315685,0.000730376283172518,0.0010258093243464828,0.0013294488890096545,0.0028148209676146507,0.00658979918807745,0.01913749985396862,0.968101441860199,185436.0,1726.0,1.1358024691358024,0.9953623188405797,1.0,485.9058017944524,0.48507229014136233,186300.0,2.8758428935156926,7.5018040923991505,11.435363877722331,10.423761410149513,21.542852252622566,14.349698482588817,21.470779043708937,15.640240668259864,1.291476040588994,0.7760320615061502,0.6033045757475953,0.9828976523774556,0.3639796300017475,0.00033646547125682164,0.004185302203438513,0.0005744532436092076,0.01620778794468836,0.017594682204259162,0.03832423782364285,0.009027122399573264,0.007377620942923967,0.9015305075704731,0.00484182019613475,460,405,121855,plakat
dataset\plakat\pk2.png,252.50151681301176,18.45147182617255,8.004290066310205e-06,0.0007604075944982469,0.0039060937706381083,0.006419440731406212,0.003329784842208028,0.0025533686857670546,0.002129141241312027,0.9808937311172485,252.31435249293622,19.771236047037295,8.004290066310205e-06,0.0010405577486380935,0.006691586691886187,0.004794569686055183,0.00261740293353796,0.0019690555054694414,0.002105128252878785,0.9807736873626709,252.6571042078554,17.302002371824443,8.004290066310205e-06,0.0004482402582652867,0.0029936046339571476,0.0048025744035840034,0.005603003315627575,0.0030496346298605204,0.0021851712372153997,0.9809097647666931,2.6697109650772815,19.586675611748873,0.9812779426574707,0.0001921029615914449,0.0006883689784444869,0.007427981588989496,0.002817510161548853,0.007596071343868971,0.0,0.0,0.9384069861445735,8.198093450106507,0.9879215359687805,0.006211329251527786,0.003818046534433961,0.0015448280610144138,0.0004962660023011267,8.004290066310205e-06,0.0,0.0,252.7838281318787,16.368287275547456,8.004290066310205e-06,0.0002721458731684834,0.0018249781569465995,0.004866608418524265,0.006195320747792721,0.0035378963220864534,0.0022652142215520144,0.9810298085212708,185436.0,1726.0,1.1358024691358024,0.9953623188405797,1.0,485.9058017944524,0.2910912646971848,186300.0,2.9061584042708795,8.520658258426137,13.485116682368497,10.957626710156294,-23.50513818344809,-15.667859986013937,23.233704105357432,12.094061467550256,0.8552367427660501,0.8290596840975998,0.6516295112085825,0.9893916247839135,0.4246236295514079,0.0003922102246804287,0.0010805791904460792,0.000832446191158461,0.007972273138402184,0.008700663555665837,0.0259339005707059,0.0019050210913049395,0.005795106176910824,0.9449865127708452,0.0024012870898801756,460,405,124933,plakat
dataset\plakat\pk3.png,251.2910610109526,23.094796492148223,0.0012571041006594896,0.004110053181648254,0.004418683238327503,0.0038465880788862705,0.0034024615306407213,0.0038465880788862705,0.007813617587089539,0.9713048934936523,250.81091497609998,25.286634486394142,0.0028830592054873705,0.005081109702587128,0.0035454854369163513,0.003696036757901311,0.0031013586558401585,0.0048477547243237495,0.00873950868844986,0.968105673789978,249.37544506755995,30.21323870434053,0.006518875248730183,0.004298242274671793,0.0044939592480659485,0.003778839949518442,0.006541457958519459,0.009928864426910877,0.005442433059215546,0.9589973092079163,4.220535210207385,20.009717233638195,0.9566863775253296,0.0005570401553995907,0.020015807822346687,0.021325604990124702,0.0010990251321345568,0.0003161579370498657,0.0,0.0,3.8010689149008243,21.78116500545366,0.961775004863739,0.012488238513469696,0.012744175270199776,0.004343407694250345,0.0026195943355560303,0.0021001920104026794,0.0018969476222991943,0.002032443881034851,251.32587602092664,22.90055437927051,0.001046332181431353,0.00414016330614686,0.004471376538276672,0.00387669843621552,0.003455154597759247,0.0038315330166369677,0.007655538618564606,0.9715232253074646,185436.0,1726.0,1.1358024691358024,0.9953623188405797,1.0,485.9058017944524,0.413662464424314,186300.0,2.940829359515656,7.939446278841791,12.227112792697788,10.81029681047242,-22.748024367474642,15.061283357546827,-22.363068325339334,44.16315114194693,2.037151188187727,0.7785580595901708,0.6778918324616522,0.9523827729674575,0.4595389206789562,0.002770145658474162,0.0031766344235763483,0.0017915615943392676,0.009718092513831909,0.010500959765139825,0.024871090368474538,0.0023184914750272873,0.007256577214046445,0.9317625804509014,0.005833866536188791,460,405,132845,plakat
dataset\plakat\pk4.png,252.07219077137165,15.520715493268405,0.0006704829283989966,0.0007653625798411667,0.0012334355851635337,0.0016256048111245036,0.002555425511673093,0.005167779047042131,0.014029539190232754,0.9739523530006409,250.40327018564787,18.771514135386973,0.0006957841687835753,0.0011132546933367848,0.0011765077942982316,0.0015813276404514909,0.003542174119502306,0.013074417598545551,0.040051866322755814,0.9387646913528442,244.0793889749834,38.658137310392355,0.0010057244217023253,0.0041051264852285385,0.019874125719070435,0.025978051126003265,0.014390082098543644,0.0067174797877669334,0.006647901609539986,0.9212815165519714,8.470520889338689,27.916928493349083,0.914064347743988,0.002125304425135255,0.03167715668678284,0.048122964799404144,0.0012587368255481124,0.002751510124653578,0.0,0.0,9.738707739017679,35.62452026466264,0.9265820980072021,0.0058951894752681255,0.007185553200542927,0.016749422997236252,0.0268888957798481,0.01470634713768959,0.0014484961284324527,0.0005439767264761031,252.38209937063158,13.526780196346573,0.00015180745685938746,0.0004996995558030903,0.0009993991116061807,0.0016698819817975163,0.001967171672731638,0.004231632687151432,0.014643094502389431,0.9758372902870178,185436.0,1726.0,1.1358024691358024,0.9953623188405797,1.0,485.9058017944524,0.4583246049762588,186300.0,3.0587243271904425,7.97843220945392,13.044584950795882,11.790689391902566,24.412157762846974,15.86644849918579,24.31606956628099,9.583194784633303,0.9460643588549354,0.8387213924760722,0.7683052639258064,0.9824799413259314,0.5902941777114924,0.0018722919763433379,0.004889465194977703,0.0046617540086656755,0.01721117049875075,0.033701255574180085,0.03706632088301338,0.007299408583446662,0.008494892311584807,0.8793953002941269,0.005408140674910655,460,405,158095,plakat
dataset\plakat\pk5.png,248.2316580568176,24.384238505187444,0.0022309019695967436,0.002557014115154743,0.0024754859041422606,0.003379705362021923,0.005380847025662661,0.012436723336577415,0.04326171055436134,0.9282776117324829,246.17123099842132,26.76176180688757,0.0018973784754052758,0.002972065471112728,0.0026830118149518967,0.0037206406705081463,0.007307871710509062,0.02416934072971344,0.07080334424972534,0.8864463567733765,243.45592671375525,29.87308134788875,0.00047434461885131896,0.0006744587444700301,0.002675600117072463,0.007700688671320677,0.019136840477585793,0.05746981501579285,0.05961177870631218,0.8522564768791199,15.25089124908281,37.26157576114698,0.8560364246368408,0.0023717230651527643,0.012881421484053135,0.12128399312496185,0.0029424189124256372,0.004484039265662432,0.0,0.0,7.3507926743401795,20.94645360851915,0.8877359628677368,0.08797610551118851,0.01860320381820202,0.0014675037236884236,0.0011043335543945432,0.001297036069445312,0.0012006848119199276,0.0006151656853035092,248.77524958680135,20.941107097956216,0.00023717230942565948,0.0004372864495962858,0.002186432247981429,0.005343788769096136,0.005914484616369009,0.013103770092129707,0.043802760541439056,0.9289743304252625,185436.0,1726.0,1.1358024691358024,0.9953623188405797,1.0,485.9058017944524,0.5240077870255793,186300.0,2.967473981841502,7.531384561193599,11.358397123377083,10.795634221547346,21.88176979508654,14.5632481365284,22.5655759794754,39.45014988790476,2.4218140040859857,0.6957049901255177,0.6035892650648177,0.9531952160914868,0.3643220391551833,0.01111004054164227,0.013933873394454614,0.010391111967566686,0.024843799796921206,0.029416778458824663,0.039259429452354305,0.013422470594338994,0.020463523639409145,0.8156948778192006,0.021464094335287533,460,405,134923,plakat
dataset\plakat\pk6.png,242.04163665869655,42.51263877277509,0.005435043480247259,0.010908497497439384,0.014221376739442348,0.018513716757297516,0.019137883558869362,0.01889781840145588,0.010485985316336155,0.9023996591567993,244.28880630695514,36.697922199340596,0.0014787927502766252,0.008258193731307983,0.010437971912324429,0.014941568486392498,0.01866735890507698,0.018801793456077576,0.018676960840821266,0.9087373614311218,247.2432518076801,28.505460665493942,9.602550562703982e-06,0.00084502442041412,0.007441976573318243,0.012320072390139103,0.015460106544196606,0.018388884142041206,0.02084713615477085,0.9246872067451477,2.3336790251490798,10.376491384395658,0.9852889180183411,0.005319812800735235,0.007806873414665461,0.001104293274693191,9.602550562703982e-06,0.0004705249739345163,0.0,0.0,8.607140456505247,29.664747550590917,0.9119254350662231,0.019377946853637695,0.03237979859113693,0.018945831805467606,0.009909831918776035,0.004868492949754,0.002006933093070984,0.0005857555661350489,247.41494540950077,27.91672792653685,9.602550562703982e-06,0.0006241657538339496,0.006635362282395363,0.011935969814658165,0.01576738804578781,0.018552128225564957,0.021164020523428917,0.9253113865852356,185436.0,1726.0,1.1358024691358024,0.9953623188405797,1.0,485.9058017944524,0.49226871137910794,186300.0,2.805855349639753,7.33277719730784,12.528954918218176,10.335484882593336,-21.792106290000543,14.04214006834719,-22.254460129025052,27.86102896843019,2.0677990365143084,0.6820616366753725,0.495681712737374,0.9763438063415787,0.24570324803572632,0.007413168937669845,0.00765323269860475,0.006635362352240755,0.022614006280067985,0.023670286828181564,0.037805241072028734,0.006913836314925244,0.014259787399533316,0.8578726509760992,0.015162427140648556,460,405,104139,plakat
dataset\plakat\pk7.png,251.94079055723304,20.045299224644754,0.0004940982908010483,0.0019832556135952473,0.0029440021608024836,0.004433159716427326,0.005510568153113127,0.005400768481194973,0.006018391344696283,0.9732157588005066,250.58646033488884,26.855118891812594,0.0024155916180461645,0.004254735074937344,0.005531155504286289,0.007480098865926266,0.006601701956242323,0.0013999451184645295,0.0006382102728821337,0.9716785550117493,250.3427944002196,28.25676537674008,0.0032459511421620846,0.004659621044993401,0.006786988582462072,0.008090859279036522,0.0037125993985682726,0.0009813340147957206,0.000775459804572165,0.9717471599578857,3.500432335986824,20.477855043050035,0.9709579944610596,0.00010293714149156585,0.00032253636163659394,0.024032391607761383,0.0018185561057180166,0.0027655777521431446,0.0,0.0,3.275288223991216,21.69720122794862,0.9746637344360352,0.0027861653361469507,0.00404199818149209,0.006807576399296522,0.005888004321604967,0.002744990400969982,0.0015783695271238685,0.001489157322794199,252.04757754597858,19.255085340049934,0.00023332418641075492,0.0014685698552057147,0.00283420248888433,0.004645896144211292,0.005757617298513651,0.005634092725813389,0.006141915917396545,0.9732843637466431,185436.0,1726.0,1.1358024691358024,0.9953623188405797,1.0,485.9058017944524,0.41537773539123435,186300.0,2.999930465408435,8.049784468751117,12.98219837943969,11.81070802852574,-24.371791991949536,16.11438891925797,-24.34442232986448,18.56287690202898,1.1133962811431597,0.8448409344432125,0.7550206228148625,0.9813857003146099,0.570057611709795,0.000953884161405435,0.0014273950041174856,0.001667581663464178,0.009127093055174307,0.00840653307713423,0.022508921218775735,0.0021754048860828986,0.004824320614877848,0.946630524293165,0.0022783420258029098,460,405,145720,plakat
dataset\plakat\pk8.png,241.09459470764907,42.89666708066313,0.005529946181923151,0.009637666866183281,0.01502539124339819,0.02075612172484398,0.019618341699242592,0.019693635404109955,0.01853075809776783,0.8912081122398376,242.86058846659026,38.86772021804189,0.0028193523176014423,0.007194786332547665,0.012866955250501633,0.017384611070156097,0.021224619820713997,0.020220695063471794,0.019082915037870407,0.8992060422897339,241.71998895683964,41.789216596001594,0.00544628594070673,0.009169169701635838,0.014121859334409237,0.01661493629217148,0.020906710997223854,0.021525796502828598,0.01731768250465393,0.8948975801467896,6.9966117576193625,22.448399925707054,0.9201797246932983,0.027030644938349724,0.04452401399612427,0.005044716410338879,0.00022588283172808588,0.0029950388707220554,0.0,0.0,9.075411399553253,29.927468384595926,0.9027783870697021,0.0353715755045414,0.03039378859102726,0.015184345655143261,0.007495963480323553,0.004241577349603176,0.0022002661135047674,0.00233412254601717,244.1449916757996,35.482853909727446,0.0009369954350404441,0.004877395927906036,0.01157858595252037,0.015627745538949966,0.020279258489608765,0.02206958830356598,0.020563703030347824,0.9040667414665222,185436.0,1726.0,1.1358024691358024,0.9953623188405797,1.0,485.9058017944524,0.4726612842090795,186300.0,2.8977530328234677,7.596481010388168,10.890654672031776,10.422412627849114,22.450080210990986,-14.223299066851885,21.07933971898505,38.49286475063431,2.2023835125547593,0.7525015856647581,0.554199887379327,0.9705294135194299,0.3071401860740652,0.009445248512938067,0.01152002409416804,0.00710275995348487,0.019936250847060594,0.03000895165270934,0.03592373526532866,0.00846642293630941,0.015836895868017502,0.843003070333219,0.01875664053676452,460,405,119531,plakat
dataset\plakat\pk9.png,248.88234490297896,24.006681867498123,0.002229869132861495,0.0023540956899523735,0.0018571889959275723,0.0023540956899523735,0.005559144541621208,0.018106039613485336,0.04226192086935043,0.9252776503562927,249.5433613257472,22.609857839797343,0.0020807969849556684,0.002329250331968069,0.001788864261470735,0.0020683743059635162,0.004186439327895641,0.013553131371736526,0.037323907017707825,0.9366692304611206,250.44585579765956,20.498781940063846,0.001571467611938715,0.002217446453869343,0.0016460035694763064,0.0019814157858490944,0.00304976524785161,0.008776615373790264,0.02926780842244625,0.9514894485473633,2.7781249223583195,14.48456891716627,0.981931209564209,0.0042733983136713505,0.0058821337297558784,0.004565330687910318,0.00030435537337325513,0.0030435537919402122,0.0,0.0,2.56229968446421,11.725419664589655,0.9797013401985168,0.01558423787355423,0.0018012869404628873,0.001080772140994668,0.0007143034599721432,0.00044721606536768377,0.0002484533761162311,0.0004223707364872098,250.53825560883502,20.08186544949406,0.0009627568651922047,0.0026460285298526287,0.001683271606452763,0.0019876270089298487,0.0030249198898673058,0.008764192461967468,0.028050385415554047,0.9528807997703552,185436.0,1726.0,1.1358024691358024,0.9953623188405797,1.0,485.9058017944524,0.47647990964787895,186300.0,3.0720075585364834,7.929237995520155,13.279215486758808,11.9087447173146,25.052354334297767,16.62997969141486,-24.520729074097204,22.681409207910388,1.2926154671084893,0.8445695239557379,0.7766017663202276,0.9654457364608126,0.6031111769038097,0.005273422942184899,0.007652364033889041,0.006143009764217744,0.014869934656761659,0.02195706725632935,0.028373375736043132,0.007851126736067977,0.010031305125593182,0.8866431464135754,0.011205247335337523,460,405,160996,plakat
